-- lapin v1.

INSERT INTO `object` VALUES (62713, 'EVENTPING1','nabv1', 95057, 1408903133, 3, 1178903133, 0, 0, 0,21,8,0,0,0,0,0,0,21,9,0,0,1,120,'fr/Les Landes',0,0, 30);
INSERT INTO messenger (id, user_id, object_id, name, color) VALUES(18, NULL, 62713, 'nabv1', 0);
INSERT INTO `event` VALUES (75734179,62713,1190017839,21,3,'bienvenue',0,0,1190044289),(75734180,62713,1190024626,95057,3,'Ouf! La réunion est reportée !',0,0,1190044891),(75734181,62713,1190367516,77209,3,'Genepi vous demande en mariage (d\'oreilles)',0,0,1190379981),(75734183,62713,1190378459,77209,2,'Genepi vous demande en mariage (d\'oreilles)',0,0,1190378537),(75734184,62713,1190380759,77209,2,'Genepi vous demande en mariage (d\'oreilles)',0,0,1190380834);
INSERT INTO `message` (event_id, anim_id, music_id, body, text, timeOfDelivery, `count`, palette, color) (SELECT event_id, NULL, NULL, 19, "MessageTestEvent1", "2007-11-28 16:15:23", 0, NULL, 0 FROM event);
INSERT INTO `message_received` (message_id, sender_id, recipient_id, message_state, nabcast) (SELECT id, 18, 18, "INBOX", NULL FROM message);
INSERT INTO `evseq` VALUES (370731781,75734179,0,0,'broadcast/broad/config/welcome/fr/record.mp3'),(370731782,75734179,1,7,'0'),(370731783,75734179,2,4,'broadcast/broad/config/welcome/fr/record.mp3.chor');
INSERT INTO `evseq` VALUES (370731784,75734180,0,1,'broadcast/broad/config/clin/fr/la_reunion_est_reportee.mp3'),(370731785,75734180,1,7,'0'),(370731786,75734180,2,5,'broadcast/broad/config/clin/fr/la_reunion_est_reportee.mp3.chor');
INSERT INTO `evseq` VALUES (370731787,75734181,0,3,'broadcast/broad/config/signature/HarmonicaGlisse.mp3'),(370731788,75734181,1,6,'65535'),(370731789,75734181,2,4,'broadcast/broad/config/anim/sig_yoyo.chor'),(370731790,75734181,3,1,'broadcast/broad/config/dialogue/fr/ask.mp3'),(370731791,75734181,4,7,'4'),(370731792,75734181,5,5,'broadcast/broad/config/dialogue/fr/ask.mp3.chor'),(370731793,75734181,6,3,'broadcast/broad/config/signature/HarmonicaGlisse.mp3'),(370731794,75734181,7,6,'65535'),(370731795,75734181,8,4,'broadcast/broad/config/anim/sig_yoyo.chor');
INSERT INTO `evseq` VALUES (370731797,75734183,0,3,'broadcast/broad/config/signature/HarmonicaGlisse.mp3'),(370731798,75734183,1,6,'65535'),(370731799,75734183,2,4,'broadcast/broad/config/anim/sig_yoyo.chor'),(370731800,75734183,3,1,'broadcast/broad/config/dialogue/fr/ask.mp3'),(370731801,75734183,4,7,'5'),(370731802,75734183,5,5,'broadcast/broad/config/dialogue/fr/ask.mp3.chor'),(370731803,75734183,6,3,'broadcast/broad/config/signature/HarmonicaGlisse.mp3'),(370731804,75734183,7,6,'65535'),(370731805,75734183,8,4,'broadcast/broad/config/anim/sig_yoyo.chor');
INSERT INTO `evseq` VALUES (370731806,75734184,0,3,'broadcast/broad/config/signature/HarmonicaGlisse.mp3'),(370731807,75734184,1,6,'65535'),(370731808,75734184,2,4,'broadcast/broad/config/anim/sig_yoyo.chor'),(370731809,75734184,3,1,'broadcast/broad/config/dialogue/fr/ask.mp3'),(370731810,75734184,4,7,'4'),(370731811,75734184,5,5,'broadcast/broad/config/dialogue/fr/ask.mp3.chor'),(370731812,75734184,6,3,'broadcast/broad/config/signature/HarmonicaGlisse.mp3'),(370731813,75734184,7,6,'65535'),(370731814,75734184,8,4,'broadcast/broad/config/anim/sig_yoyo.chor');

-- lapin v2.
INSERT INTO `object` VALUES (62714, 'EVENTPING2','nabv2', 95057, 1408903133, 4, 1178903133, 0, 0, 0,21,8,0,0,0,0,0,0,21,9,0,0,1,120,'fr/Les Landes',0,NULL,0, 30);
INSERT INTO messenger (id, user_id, object_id, name, color) VALUES(19, NULL, 62714, 'nabv2', 0);
